,pm_first_name,pm_last_name,team_name
0,Megan,Kelley,Genesis
1,Katherine,Olsen,Luminary
2,Robert,Fernandez,Luminary
3,Jonathan,Maynard,Luminary
4,William,Morrison,Odyssey
5,Richard,Matthews,Genesis
6,Kristen,Wallace,Endeavor
7,Kevin,Carlson,Luminary
8,Thomas,Cruz,Apex
9,Brandy,Johnston,Luminary
10,Rebecca,Roberts,Luminary
11,Juan,Lopez,Apex
12,Katelyn,Salazar,Luminary
13,Christine,Douglas,Luminary
14,John,Alvarez,Genesis
15,Renee,Davis,Genesis
16,Tonya,Todd,Luminary
17,Lisa,Mcdowell,Genesis
18,Rachel,Mclean,Odyssey
19,Kyle,Kirby,Luminary
20,Jessica,Villanueva,Odyssey
21,Gabriella,Leblanc,Odyssey
22,Craig,Myers,Apex
23,Ryan,Thornton,Luminary
24,Cheryl,Hill,Horizon
25,Robin,Cain,Apex
26,Tammy,Atkinson,Luminary
27,Michelle,Jacobson,Luminary
28,Jorge,Lawrence,Endeavor
29,Linda,Herring,Genesis
30,Ana,Riley,Odyssey
31,Alexis,Hayes,Odyssey
32,Jennifer,Keller,Genesis
33,Raymond,Davies,Horizon
34,Mallory,Stark,Apex
35,Elizabeth,Leon,Genesis
36,Aaron,Miller,Odyssey
37,Tristan,Tucker,Genesis
38,Mikayla,Mccoy,Endeavor
39,Mark,Bruce,Genesis
40,Monica,Sanchez,Odyssey
41,James,Dennis,Luminary
42,Ashley,Wilson,Luminary
43,Seth,Robinson,Luminary
44,Christopher,Norton,Luminary
45,Luke,Cook,Luminary
46,Sarah,Cabrera,Luminary
47,Daniel,Garcia,Luminary
48,Andrea,Thomas,Genesis
49,Jasmine,Wolfe,Apex
